Order ID,count
ORD0001,1
ORD0002,1
ORD0003,1
ORD0004,1
ORD0005,1
ORD0006,1
ORD0007,1
ORD0008,1
ORD0009,1
ORD0010,1
ORD0011,1
ORD0012,1
ORD0013,1
ORD0014,1
ORD0015,1
ORD0016,1
ORD0017,1
ORD0018,1
ORD0019,1
ORD0020,1
ORD0021,1
ORD0022,1
ORD0023,1
ORD0024,1
ORD0025,1
ORD0026,1
ORD0027,1
ORD0028,1
ORD0029,1
ORD0030,1
ORD0031,1
ORD0032,1
ORD0033,1
ORD0034,1
ORD0035,1
ORD0036,1
ORD0037,1
ORD0038,1
ORD0039,1
ORD0040,1
ORD0041,1
ORD0042,1
ORD0043,1
ORD0044,1
ORD0045,1
ORD0046,1
ORD0047,1
ORD0048,1
ORD0049,1
ORD0050,1
ORD0051,1
ORD0052,1
ORD0053,1
ORD0054,1
ORD0055,1
ORD0056,1
ORD0057,1
ORD0058,1
ORD0059,1
ORD0060,1
ORD0061,1
ORD0062,1
ORD0063,1
ORD0064,1
ORD0065,1
ORD0066,1
ORD0067,1
ORD0068,1
ORD0069,1
ORD0070,1
ORD0071,1
ORD0072,1
ORD0073,1
ORD0074,1
ORD0075,1
ORD0076,1
ORD0077,1
ORD0078,1
ORD0079,1
ORD0080,1
ORD0081,1
ORD0082,1
ORD0083,1
ORD0084,1
ORD0085,1
ORD0086,1
ORD0087,1
ORD0088,1
ORD0089,1
ORD0090,1
ORD0091,1
ORD0092,1
ORD0093,1
ORD0094,1
ORD0095,1
ORD0096,1
ORD0097,1
ORD0098,1
ORD0099,1
ORD0100,1
ORD0101,1
ORD0102,1
ORD0103,1
ORD0104,1
ORD0105,1
ORD0106,1
ORD0107,1
ORD0108,1
ORD0109,1
ORD0110,1
ORD0111,1
ORD0112,1
ORD0113,1
ORD0114,1
ORD0115,1
ORD0116,1
ORD0117,1
ORD0118,1
ORD0119,1
ORD0120,1
ORD0121,1
ORD0122,1
ORD0123,1
ORD0124,1
ORD0125,1
ORD0126,1
ORD0127,1
ORD0128,1
ORD0129,1
ORD0130,1
ORD0131,1
ORD0132,1
ORD0133,1
ORD0134,1
ORD0135,1
ORD0136,1
ORD0137,1
ORD0138,1
ORD0139,1
ORD0140,1
ORD0141,1
ORD0142,1
ORD0143,1
ORD0144,1
ORD0145,1
ORD0146,1
ORD0147,1
ORD0148,1
ORD0149,1
ORD0150,1
ORD0151,1
ORD0152,1
ORD0153,1
ORD0154,1
ORD0155,1
ORD0156,1
ORD0157,1
ORD0158,1
ORD0159,1
ORD0160,1
ORD0161,1
ORD0162,1
ORD0163,1
ORD0164,1
ORD0165,1
ORD0166,1
ORD0167,1
ORD0168,1
ORD0169,1
ORD0170,1
ORD0171,1
ORD0172,1
ORD0173,1
ORD0174,1
ORD0175,1
ORD0176,1
ORD0177,1
ORD0178,1
ORD0179,1
ORD0180,1
ORD0181,1
ORD0182,1
ORD0183,1
ORD0184,1
ORD0185,1
ORD0186,1
ORD0187,1
ORD0188,1
ORD0189,1
ORD0190,1
ORD0191,1
ORD0192,1
ORD0193,1
ORD0194,1
ORD0195,1
ORD0196,1
ORD0197,1
ORD0198,1
ORD0199,1
ORD0200,1
ORD0201,1
ORD0202,1
ORD0203,1
ORD0204,1
ORD0205,1
ORD0206,1
ORD0207,1
ORD0208,1
ORD0209,1
ORD0210,1
ORD0211,1
ORD0212,1
ORD0213,1
ORD0214,1
ORD0215,1
ORD0216,1
ORD0217,1
ORD0218,1
ORD0219,1
ORD0220,1
ORD0221,1
ORD0222,1
ORD0223,1
ORD0224,1
ORD0225,1
ORD0226,1
ORD0227,1
ORD0228,1
ORD0229,1
ORD0230,1
ORD0231,1
ORD0232,1
ORD0233,1
ORD0234,1
ORD0235,1
ORD0236,1
ORD0237,1
ORD0238,1
ORD0239,1
ORD0240,1
ORD0241,1
ORD0242,1
ORD0243,1
ORD0244,1
ORD0245,1
ORD0246,1
ORD0247,1
ORD0248,1
ORD0249,1
ORD0250,1
